AL,AK,AZ,AR,CA,CO,CT,FL,GA,HI,ID,IL,IN,IA,KS,KY,LA,MD,MO,NV,NH,NY,NC,ND,OH,OK,OKS,OR,PA,SC,SD,UT,VT,WA,WI,id,seats
R,R,D,R,D,D,D,R,R,D,R,D,R,R,R,R,R,D,R,D,D,D,D,R,R,R,R,D,D,R,R,R,D,D,R,RRDRDDDRRDRDRRRRRDRDDDDRRRRDDRRRDDR,49.0
R,R,D,R,D,D,D,R,R,D,R,D,R,R,R,R,R,D,R,D,D,D,R,R,R,R,R,D,D,R,R,R,D,D,R,RRDRDDDRRDRDRRRRRDRDDDRRRRRDDRRRDDR,50.0
R,R,R,R,D,D,D,R,R,D,R,D,R,R,R,R,R,D,R,R,D,D,R,R,R,R,R,D,R,R,R,R,D,D,R,RRRRDDDRRDRDRRRRRDRRDDRRRRRDRRRRDDR,53.0
R,R,D,R,D,D,D,R,D,D,R,D,R,R,R,R,R,D,R,D,D,D,R,R,R,R,R,D,D,R,R,R,D,D,D,RRDRDDDRDDRDRRRRRDRDDDRRRRRDDRRRDDD,48.0
R,R,D,R,D,D,D,D,D,D,R,D,R,R,R,R,R,D,R,D,D,D,D,R,R,R,R,D,R,R,R,R,D,D,R,RRDRDDDDDDRDRRRRRDRDDDDRRRRDRRRRDDR,48.0
R,R,D,R,D,D,D,D,D,D,R,D,R,R,R,R,R,D,R,D,D,D,D,R,D,R,R,D,D,R,R,R,D,D,D,RRDRDDDDDDRDRRRRRDRDDDDRDRRDDRRRDDD,45.0
R,R,D,R,D,D,D,R,R,D,R,D,R,R,R,R,R,D,R,R,D,D,R,R,R,R,R,D,D,R,R,R,D,D,R,RRDRDDDRRDRDRRRRRDRRDDRRRRRDDRRRDDR,51.0
R,R,R,R,D,D,D,R,R,D,R,D,R,R,R,R,R,D,R,R,R,D,R,R,R,R,R,D,R,R,R,R,D,D,R,RRRRDDDRRDRDRRRRRDRRRDRRRRRDRRRRDDR,54.0
R,R,R,R,D,D,D,R,D,D,R,D,R,R,R,R,R,D,R,R,R,D,R,R,R,R,R,D,D,R,R,R,D,D,R,RRRRDDDRDDRDRRRRRDRRRDRRRRRDDRRRDDR,52.0
R,R,R,R,D,D,D,R,D,D,R,D,R,R,R,R,R,D,R,R,D,D,R,R,R,R,R,D,R,R,R,R,D,D,R,RRRRDDDRDDRDRRRRRDRRDDRRRRRDRRRRDDR,52.0
